DistinctFunctionsUsedAsPointer,42
DistinctFunctionSignatures,484
PDGNode,,181896
PDGNode.Param.ActualOut,,33347
PDGNode.Annotation.Var,,15
PDGNode.VarNode,,36
PDGNode.Param.FormalOut,,19353
PDGNode.VarNode.StaticModule,,0
PDGNode.Inst.Br,,6082
PDGNode.Param.FormalIn,,19353
PDGNode.VarNode.StaticOther,,0
PDGNode.Param.ActualIn,,33347
PDGNode.Param,,105400
PDGNode.VarNode.StaticGlobal,,19
PDGNode.Inst.Ret,,973
PDGNode.Inst,,75469
PDGNode.FunctionEntry,,975
PDGNode.VarNode.StaticFunction,,17
PDGNode.Annotation.Other,,0
PDGNode.Annotation.Global,,1
PDGNode.Inst.Other,,60770
PDGNode.Annotation,,16
PDGNode.Inst.FunCall,,7644
PDGNode.Param.FormalIn.Proper,,2438
PDGEdge.ControlDep,,109337
PDGEdge.Parameter,,169741
PDGEdge.ControlDep.CallInv,,2487
PDGEdge.ControlDep.Br,,33545
PDGEdge.Anno,,51
PDGEdge.DataDepEdge,,89281
PDGEdge.DataDepEdge.RAW,,5318
PDGEdge.DataDepEdge.Alias,,5942
PDGEdge.Parameter.In.Proper,,5826
PDGEdge.ControlDep.Entry,,70819
PDGEdge,,368410
PDGEdge.Parameter.In,,61948
PDGEdge.Anno.Other,,0
PDGEdge.Parameter.Field,,88674
PDGEdge.ControlDep.CallRet,,2486
PDGEdge.Anno.Var,,30
PDGEdge.DataDepEdge.Ret,,2486
PDGEdge.ControlDep.Other,,0
PDGEdge.DataDepEdge.DefUse,,75535
PDGEdge.Parameter.Out,,19119
PDGEdge.Anno.Global,,21
IRInstruction.AShr,128
IRInstruction.Xor,648
IRParameter,2473
IRInstruction.Br,3714
IRInstruction.Call.External.NonVarArg,478
IRGlobal,432
IRInstruction.Mul,210
IRInstruction.Call.Pointer,29
IRInstruction.CondBr,2368
IRInstruction.FPTrunc,45
IRInstruction.And,567
IRInstruction.SExt,856
IRInstruction.FNeg,84
IRInstruction.FSub,439
IRInstruction.FMul,1007
IRInstruction.Select,34
IRInstruction.Phi,229
IRInstruction.Store,9555
IRInstruction.FCmp,211
IRInstruction.UIToFP,24
IRInstruction.SIToFP,38
IRInstruction.URem,6
IRInstruction.Sub,259
IRInstruction.SDiv,9
IRGlobal.Global,19
IRGlobal.Function,17
IRInstruction.Trunc,648
IRInstruction.GetElementPtr,9787
IRInstruction.Call.Internal.VarArg,140
IRFunction,975
IRInstruction.Switch,19
IRInstruction.Shl,561
IRInstruction.Or,648
IRParameter.In,2473
IRInstruction.FAdd,683
IRInstruction.Load,22263
IRGlobal.Other,396
IRInstruction.LShr,495
IRInstruction.ZExt,1257
IRInstruction.FDiv,70
IRInstruction.Ret,973
IRInstruction.Call,7659
IRInstruction.ExtractValue,116
IRInstruction.FPToUI,28
IRInstruction.IntToPtr,6
IRInstruction.PtrToInt,63
IRInstruction.ICmp,2108
IRInstruction,75484
IRInstruction.Add,1811
IRInstruction.Call.Intrinsic,4650
IRInstruction.Call.Internal,2487
IRInstruction.SRem,7
IRParameter.Out,2473
IRInstruction.Call.Internal.NonVarArg,2347
IRInstruction.Call.Annotation,15
IRInstruction.Unreachable,1
IRInstruction.FPToSI,48
IRInstruction.FPExt,41
IRInstruction.BitCast,1258
IRInstruction.UDiv,10
IRInstruction.Alloca,4493
