DistinctFunctionsUsedAsPointer,42
IRInstruction.Phi,229
IRInstruction.BitCast,1258
IRInstruction.Mul,210
IRInstruction.Call.External,478
IRInstruction.FCmp,211
IRInstruction.SDiv,9
IRInstruction.Load,22263
IRInstruction.PtrToInt,63
IRInstruction.Call.Internal.NonVarArg,2347
IRInstruction.CondBr,2368
IRInstruction.Call.Pointer,29
IRParameter,2473
IRInstruction.FDiv,70
IRInstruction.LShr,495
IRInstruction,75484
IRGlobal.Global,19
IRInstruction.ZExt,1257
IRInstruction.FPToUI,28
IRInstruction.FPToSI,48
IRInstruction.IntToPtr,6
IRInstruction.Sub,259
IRInstruction.Br,3714
IRInstruction.Select,34
IRInstruction.Call.Intrinsic,4650
IRParameter.In,2473
IRInstruction.AShr,128
IRInstruction.And,567
IRInstruction.Call.Annotation,15
IRInstruction.Store,9555
IRFunction,975
IRInstruction.SIToFP,38
IRInstruction.Call,7659
IRInstruction.UDiv,10
IRInstruction.SExt,856
IRInstruction.UIToFP,24
IRInstruction.Unreachable,1
IRInstruction.Call.Internal,2487
IRInstruction.FSub,439
IRInstruction.ICmp,2108
IRInstruction.Switch,19
IRInstruction.SRem,7
IRInstruction.FPTrunc,45
IRInstruction.Call.Internal.VarArg,140
IRInstruction.Trunc,648
IRInstruction.FMul,1007
IRGlobal.Function,17
IRInstruction.Ret,973
IRInstruction.FAdd,683
IRInstruction.Xor,648
IRInstruction.FPExt,41
IRInstruction.Shl,561
IRInstruction.GetElementPtr,9787
IRGlobal,432
IRInstruction.Or,648
IRInstruction.Add,1811
IRInstruction.URem,6
IRInstruction.ExtractValue,116
IRInstruction.FNeg,84
IRInstruction.Alloca,4493
IRGlobal.Other,396
DistinctFunctionSignatures,484
PDGNode.Inst.Ret,,973
PDGNode,,181896
PDGNode.Inst.Other,,60770
PDGNode.Param.FormalIn,,19353
PDGNode.Annotation.Var,,15
PDGNode.Annotation.Global,,1
PDGNode.FunctionEntry,,975
PDGNode.Annotation.Other,,0
PDGNode.Param.FormalIn.Proper,,2438
PDGNode.VarNode.StaticModule,,0
PDGNode.VarNode.StaticFunction,,17
PDGNode.VarNode,,36
PDGNode.Param,,105400
PDGNode.Param.FormalOut,,19353
PDGNode.Inst.FunCall,,7644
PDGNode.Inst,,75469
PDGNode.Annotation,,16
PDGNode.Inst.Br,,6082
PDGNode.VarNode.StaticGlobal,,19
PDGNode.VarNode.StaticOther,,0
PDGNode.Param.ActualIn,,33347
PDGNode.Param.ActualOut,,33347
PDGEdge.ControlDep.CallRet,,2486
PDGEdge.DataDepEdge,,89281
PDGEdge.Parameter.Field,,88674
PDGEdge.ControlDep.CallInv,,2487
PDGEdge.DataDepEdge.Alias,,5942
PDGEdge.Anno.Global,,21
PDGEdge.Parameter.In.Proper,,5826
PDGEdge.Anno.Other,,0
PDGEdge.Parameter.In,,61948
PDGEdge.DataDepEdge.DefUse,,75535
PDGEdge,,368410
PDGEdge.Parameter.Out,,19119
PDGEdge.Anno,,51
PDGEdge.DataDepEdge.Ret,,2486
PDGEdge.ControlDep.Other,,0
PDGEdge.Anno.Var,,30
PDGEdge.Parameter,,169741
PDGEdge.DataDepEdge.RAW,,5318
PDGEdge.ControlDep.Entry,,70819
PDGEdge.ControlDep,,109337
PDGEdge.ControlDep.Br,,33545
